ImageID	Website-filename	Website-order	Tags	Taken	First_download	Last_download	Missing_packets	Downloaders
30	16abd4d1-b88b-465c-986e-09df0602f514.jpeg	6	Moon		05-08-18 10:07	12-08-18 16:03		PI9CAM, beijing
38	d5d70127-2658-4656-aa97-4bfb0daa4734.jpeg	2	Mars, planet, stars, sky, underexposed		04-08-18 09:29	05-08-18 08:54		PI9CAM, beijing
39	9d6690a4-0ece-49de-88c0-218c81271506.jpeg	4	Mars, stars, sky, underexposed		05-08-18 09:02	05-08-18 09:52		beijing
40	ff4c1510-e4.jpeg	3	Stars, sky, underexposed		05-08-18 09:18	05-08-18 10:05	22-25	beijing
43	889279d7-e4a1-48dc-8df4-f032c74b817d.jpeg	8	Lens flare, sky, overexposed		12-08-18 16:09	12-08-18 16:52	5,50-54	PI9CAM
45	d02a04ee-7474-44e3-8d83-08f20bc13e00.jpeg	10	Lens flare, sky		14-08-18 17:26	14-08-18 18:14		DK3WN, PI9CAM, YL3CT
46	58af771c-a87c-410f-9dd0-1691b0605e84.jpeg	11	Lens flare, sky		14-08-18 18:35	14-08-18 18:59	29-30	DK3WN, PI9CAM, YL3CT
53	269d5a08-00ec-4447-a2f6-d86623d9c0d0.jpeg	12	Lens flare, sky		14-09-18 22:52	14-09-18 23:29	0,47,52,105,112-113,137	4Z5CP, PI9CAM, PI9CAM-V
56	f6731120-9864-469d-8163-ae9fc74ce832.jpeg	13	Lens flare, sky		14-09-18 23:51	15-09-18 00:27	0,3,12-13,83-85,89,91,93-94,103,108	PI9CAM, PI9CAM-V
68	745b7fbd-af95-41b6-b866-d4965d1a0e21.jpeg	14	Moon, sky, overexposed		07-10-18 18:20	07-10-18 18:32	0,13-14	PI9CAM, YL3CT
71	e0924ce1-de3d-4148-a694-fe54e6707c29.jpeg	17	Moon, sky		07-10-18 19:18	08-10-18 18:20		PI9CAM, YL3CT
72	18e95911-4a0e-48cf-b330-ea3c15fb184b.jpeg	15	Moon, Earth, sky, overexposed		08-10-18 16:26	08-10-18 17:10		PI9CAM, YL3CT
73	68005165-b0c5-48fc-83e4-e111b776457e.jpeg	16	Moon, Earth, sky		08-10-18 17:21	08-10-18 17:46	6,33-34	PI9CAM, YL3CT
74	9902393e-fcf6-4544-852e-0b89b91a4c7d.jpeg	18	Earth, overexposed		10-10-18 22:11	10-10-18 22:21	0,39	N6RFM, PI9CAM, YL3CT
75	865fbeb5-116d-4f6a-bb86-0a67a09b41ff.jpeg	19	Moon, Earth, sky		10-10-18 22:30	10-10-18 23:11		N6RFM, PI9CAM, YL3CT
76	34f0428e-650e-41ba-ad50-380d29bda4f4.jpeg	21	Moon, Earth, sky	10-10-18 02:18	14-10-18 21:14	14-10-18 22:15		DK3WN, PI9CAM, PI9CAM-V, YL3CT
81	66b6f148-ef5f-45f8-bed3-e0d9692ec226.jpeg	20	Moon, sky	14-10-18 12:16	14-10-18 20:21	14-10-18 21:02		PI9CAM, PI9CAM-V, YL3CT
83	c2f1312e-96c9-48ad-9093-39bb19fa8f74.jpeg	24	Moon, sky	15-10-18 08:50	18-10-18 00:26	18-10-18 01:57	0,7-8	PI9CAM, YL3CT
84	eeaae17b-0726-40b5-a676-623b0fb6b788.jpeg	23	Moon, sky	15-10-18 09:00	17-10-18 00:33	18-10-18 01:11	0	DK3WN, PI9CAM, YL3CT
85	b1afb44d-edfc-4f6e-a186-e3f5579df4a8.jpeg	26	Moon, sky	15-10-18 09:10	17-10-18 01:46	19-10-18 01:58	0	DK3WN, PI9CAM, PI9CAM-V, YL3CT
86	7674e07d-96ee-4d22-88b1-2625ab8f4c13.jpeg	22	Moon, sky	15-10-18 09:20	17-10-18 00:09	17-10-18 00:25	0	DK3WN, YL3CT
87	b75eb372-779f-43da-8b9b-71b31f970052.jpeg	29	Moon, sky	15-10-18 09:30	17-10-18 01:24	20-10-18 01:45	0-1,6	DK3WN, PI9CAM, YL3CT
88	97a7aa15-c08a-4f97-9341-460c7a0d81a4.jpeg	25	Moon, sky	15-10-18 09:50	19-10-18 00:39	19-10-18 00:52	0	PI9CAM, YL3CT
89	048a00c8-7a60-4dcd-bfe5-80512793f904.jpeg	28	Moon, sky, overexposed	15-10-18 10:00	19-10-18 01:05	19-10-18 02:29	0	PI9CAM, PI9CAM-V
90	159c52e4-5357-4ad4-952f-75650a93bf03.jpeg	27	Moon, sky, overexposed	15-10-18 10:10	19-10-18 02:13	19-10-18 02:23	0,12,14,16-19,23-24	PI9CAM, PI9CAM-V
93	758a4666-5518-4327-b9ca-22040612977e.jpeg	30	Sky, underexposed		24-10-18 03:37	24-10-18 03:39	0-2,4,6-13	PI9CAM-WEBSDR
96	e5479a79-b55d-492d-b014-7342ca67b3ab.jpeg	32	Moon, sky		26-10-18 03:32	26-10-18 04:12		PI9CAM
97	a898e33f-e158-47bd-b14e-9817ffd8b75f.jpeg	33	Moon, sky		24-10-18 03:07	26-10-18 04:35	0,9	PI9CAM, PI9CAM-WEBSDR
98	38ebc3bd-2039-471a-aafc-c54dd2c70199.jpeg	35	Moon, sky		27-10-18 13:50	27-10-18 14:05	0,32-34	PI9CAM, PI9CAM-V
108	8f39ccc2-005e-4726-9662-6b929a616aa8.jpeg	34	Sky, planet, underexposed		27-10-18 13:14	27-10-18 13:23	0	PI9CAM, PI9CAM-V, PI9CAM-WEBSDR
109	a4ffe30c-78f9-49f3-aabc-52766aecb212.jpeg	31	Sky, planet, underexposed		26-10-18 03:09	26-10-18 03:18	0	PI9CAM
112	badf022f-89b0-4b33-86ef-a9850b0d36b6.jpeg	38	Moon, sky, underexposed		01-11-18 17:23	01-11-18 17:30	0,14,17-18,20-25	PI9CAM
115	4066b0b6-6396-4c6a-9150-13fc2e1f9e61.jpeg	40	Sky, planet, underexposed		03-11-18 19:24	03-11-18 19:34	0,10,25,28-29,33-34,36-37	DK3WN, PI9CAM, PI9CAM-WEBSDR, YL3CT
117	8191d013-7518-4bc9-8bdc-e7f073d635d8.jpeg	36	Moon, sky		01-11-18 16:30	01-11-18 16:46	0,24-26	DK3WN, PI9CAM
118	30ea9ad4-2178-4566-ba34-45bbde4212e0.jpeg	37	Moon, sky		01-11-18 16:57	01-11-18 17:10	0,7-8,49,51	PI9CAM
119			Moon, sky		01-11-18 16:07	01-11-18 16:20	0	DK3WN, PI9CAM
123	def53fab-8c38-4236-96c2-2ac9a250af15.jpeg	39	Sky, planet, underexposed		03-11-18 18:36	03-11-18 18:45	0	DK3WN, PI9CAM, PI9CAM-WEBSDR
128	738a5efe-e58b-4b82-ba47-e57eb149c7f9.jpeg	47	Moon, sky, underexposed		09-11-18 21:03	09-11-18 21:13	0,5-6,33,36-38	PI9CAM, PI9CAM-V
132	392e04c8-26ed-4749-bf3e-3648ec48ca42.jpeg	61	Moon, sky		13-11-18 00:17	13-11-18 00:58	13	PI9CAM
133	ac44e3e1-4cb6-4672-b23a-c2255cf8cee4.jpeg	43	Timelapse 1, Moon, sky, underexposed, full Moon	07-11-18 08:13	08-11-18 18:29	10-11-18 22:25		PI9CAM
134	9d7372f5-e3fc-447d-a3b5-e2825e69e73e.jpeg	44	Timelapse 1, Moon, sky, underexposed, full Moon	07-11-18 08:23	08-11-18 18:52	11-11-18 21:36	0	PI9CAM
135	994eb34f-d82c-4dd0-bd36-9ac73a75e532.jpeg	42	Timelapse 1, Earthrise, Moon, Earth, sky, underexposed, full Moon	07-11-18 08:33	08-11-18 18:06	10-11-18 23:06	0	PI9CAM
136	6a4bb124-32ca-4606-aa8e-28c1d595637f.jpeg	45	Timelapse 1, Moon, sky, Earth, underexposed, full Moon	07-11-18 08:43	09-11-18 20:11	09-11-18 20:27	0	PI9CAM, PI9CAM-V
137	904c6381-0c50-4870-b1ec-6ff593e30e5c.jpeg	46	Timelapse 1, Moon, sky, Earth, underexposed	07-11-18 08:53	09-11-18 20:36	10-11-18 23:17	0	PI9CAM, PI9CAM-V
138	260a8249-df93-46a8-a749-e1d496d4fbdd.jpeg	55	Timelapse 1, Moon, sky, Earth, underexposed	07-11-18 09:03	10-11-18 23:27	11-11-18 21:54	0,8	PI9CAM, PI9CAM-WEBSDR, YL3CT
139	09c97cb2-7f77-4299-bf93-39fe838c3dc1.jpeg	53	Timelapse 1, Moon, sky, Earth, underexposed	07-11-18 09:13	09-11-18 21:37	10-11-18 23:59	0	PI9CAM, PI9CAM-V, PI9CAM-WEBSDR, YL3CT
140	a428004d-8101-4377-b901-39ef75195d5b.jpeg	56	Timelapse 1, Moon, sky, Earth, underexposed	07-11-18 09:23	11-11-18 22:00	11-11-18 22:10	0,9	PI9CAM, PI9CAM-WEBSDR, YL3CT
141	cbda7387-a061-4fdc-9f04-417c3c3b3ad9.jpeg	41	Moon, Earth, sky	07-11-18 09:33	07-11-18 17:44	11-11-18 22:49	0	PI9CAM, YL3CT
142	a18472bd-b4ce-481b-9fd1-24e5965c41a2.jpeg	58	Earth, sky, overexposed	08-11-18 09:40	11-11-18 22:59	11-11-18 23:08	0,8-12,19,23,27,29,33-35	PI9CAM, PI9CAM-WEBSDR
144	f6229a63-32af-49c2-ab49-9cc2f7b2b4ad.jpeg	49	Lens flare, sky		10-11-18 22:08	10-11-18 22:08		PI9CAM
146	ee7eaea2-d30f-429a-a4b7-e2a0c5000adb.jpeg	60	Moon, sky, underexposed		12-11-18 23:51	13-11-18 00:04	0,16,24,36-37	PI9CAM
147	7fbc0ae3-734e-42de-abc9-28ddde0504f0.jpeg	59	Moon, sky, underexposed		12-11-18 23:19	12-11-18 23:34	0,16	PI9CAM
148	ef2f75b1-2a55-4293-8d3e-cf8f88c31d50.jpeg	63	Moon		14-11-18 17:36	18-11-18 04:30		BY2HIT, PI9CAM, YL3CT
149			Moon		18-11-18 03:21	18-11-18 04:15		PI9CAM, YL3CT
152	1c0de1d2-1655-4c22-84d7-fb0548feedca.jpeg	65	Moon, sky		22-11-18 01:22	27-11-18 04:33		BY2HIT, PI9CAM, PI9CAM-V, PI9CAM-WEBSDR, beijing
153	033303cb-aa75-43df-8867-00611a6ae272.jpeg	64	Moon, sky, overexposed		22-11-18 02:04	22-11-18 02:59	0,10	BY2HIT, PI9CAM, PI9CAM-V, beijing, sp5uln
159	9e661f2e-6ac8-4519-b927-5e2dd2295edc.jpeg	66	Moon, sky, Earth, overexposed		06-12-18 20:03	06-12-18 21:14	6,18,27-28,32-33,35-37,41,43-45,47,49-53,60	EA4GPZ, PI9CAM, PI9CAM-WEBSDR, YL3CT
160	65a37e28-59dd-482c-ae49-76ccee67dd66.jpeg	67	Earth, sky, overexposed		07-12-18 16:55	07-12-18 17:06	0,36-39	PI9CAM
163	346dd0dc-b298-41d5-930b-3598c07ea974.jpeg	68	Earth, sky, overexposed		07-12-18 17:41	07-12-18 17:51	0,13	PI9CAM
164	301ed50d-23d0-4864-8262-03cceeaf06e0.jpeg	70	Sky, underexposed		13-01-19 20:56	13-01-19 21:04	0,19	PI9CAM
165	0303f43a-60dc-45fa-874d-6e16534566b2.jpeg	71	Lens flare, overexposed		13-01-19 21:23	13-01-19 21:37	0,3-4,6,14,29	PI9CAM
168	d3c1971a-8cbb-4edd-acad-e60a5949948e.jpeg	72	Moon, sky, overexposed, full Moon		30-01-19 17:16	30-01-19 17:29	0,5-6,10-15,17,21,36-37,44-45	PI9CAM
169	d46669a0-b1c6-4cdc-8aaa-3937a23bc5dd.jpeg	73	Moon, sky		30-01-19 17:44	30-01-19 18:31		DK3WN, PI9CAM
170	d50aa986-9ff2-4fcc-b9ae-937ba201e1a3.jpeg	74	Moon, sky		30-01-19 18:45	30-01-19 18:59	0,15,17,19	PI9CAM
171	d2f4665b-880c-4ea0-8611-218ce3c9ca14.jpeg	81	Moon, sky, full Moon		27-02-19 16:19	27-02-19 17:29	3,70	PI9CAM
172	b06d0682-c883-4400-90de-8b0a0535071b.jpeg	83	Moon, Earth, sky, full Moon	03-02-19 14:30	18-03-19 00:27	18-03-19 00:54	0,7-8	PI9CAM
173	4fc24d80-c4d2-4eae-a33b-91637094eca4.jpeg	79	Timelapse 2, Moon, Earth, sky, full Moon	03-02-19 14:50	15-02-19 22:06	15-02-19 23:28	0	PI9CAM
174	281871db-d3a4-48f6-aaa1-4a20b2f0a058.jpeg	78	Timelapse 2, Moon, Earth, sky, full Moon	03-02-19 15:00	14-02-19 06:16	15-02-19 21:53	0	PI9CAM
175	cd028b42-b686-4383-9587-d8ba633b3596.jpeg	76	Timelapse 2, Moon, Earth, sky, full Moon	03-02-19 15:10	14-02-19 04:38	14-02-19 04:56	0	PI9CAM
176	44b51882-08a2-43fa-8c82-cd037c7303ab.jpeg	77	Timelapse 2, Moon, Earth, sky, full Moon	03-02-19 15:20	14-02-19 05:04	27-02-19 16:13	0	PI9CAM
177	d3fc7178-a012-4749-ba24-17afb6b11929.jpeg	75	Timelapse 2, Moon, Earth, sky, full Moon	03-02-19 15:30	04-02-19 16:34	04-02-19 18:07		PI9CAM
178	ae30c87a-73be-4660-a626-f0345fe0e880.jpeg	84	Timelapse 2, Moon, Earth, sky	03-02-19 15:40	18-03-19 01:07	18-03-19 01:44	69-70	PI9CAM
179	5ba8e3de-54fb-46bd-bf54-f79372753ba2.jpeg	82	Timelapse 2, Moon, Earth, sky	03-02-19 15:50	18-03-19 00:00	14-04-19 03:53		4Z5CP, PI9CAM, YL3CT, beijing
202	30cff69f-5c46-4bb8-8ba3-ce3337331722.jpeg	90	Timelapse 3, Moon, Earth, sky, overexposed	03-06-19 03:15	06-06-19 16:19	06-06-19 16:31	0,32	beijing
203	949ac6bb-58a6-4c1a-8012-df9ff8dc9f48.jpeg	87	Timelapse 3, Moon, Earth, sky, Earthrise	03-06-19 03:25	04-06-19 15:52	04-06-19 16:57		beijing
204	e968e2f4-035a-49c6-8c77-daf428e833eb.jpeg	91	Timelapse 3, Moon, sky	03-06-19 03:35	05-06-19 16:27	06-06-19 17:00		beijing
205	d67a8275-6ea0-4793-bf8e-7603eb691552.jpeg	88	Timelapse 3, Moon, sky	03-06-19 03:45	06-06-19 15:07	06-06-19 15:43		BY2HIT, PI9CAM-V, beijing
206	d5f16f33-8068-4a89-9d98-d2f928c3fe57.jpeg	86	Timelapse 3, Moon, Earth, sky	03-06-19 03:55	03-06-19 12:46	04-06-19 15:45		beijing
207	93f990ae-a0c5-4ea8-b7e5-a6b229965baa.jpeg	89	Timelapse 3, Moon, Earth, sky, overexposed	03-06-19 04:05	06-06-19 15:53	06-06-19 16:10		BY2HIT, beijing
213	9b1c509a-1af6-4b7a-87f6-0efe085e2985.jpeg	92	Sky, planet, stars, Jupiter	07-06-19 08:00	07-06-19 17:30	07-06-19 17:46	49	BY2HIT, PI9CAM-V, beijing
218	c441fcda-3d75-4e70-9b8b-d46ee90b538c.jpeg	93	Moon, sky	30-06-19 05:52	30-06-19 15:10	30-06-19 15:26	0	PI9CAM
219	4b097a47-f389-4286-86af-e122555d9d93.jpeg	96	Moon, sky	30-06-19 05:53	01-07-19 15:09	01-07-19 15:29	0,10,14,22,25,34,41-43,47,57	PI9CAM, beijing
220	83296905-5882-46e0-837c-944ee93c531c.jpeg	103	Moon, sky	30-06-19 06:30	04-07-19 16:27	05-07-19 16:17		4Z5CP, PI9CAM, beijing, wakayama
221	e57a066f-1a81-441f-aee3-3659a3d2febd.jpeg	94	Moon, sky	30-06-19 06:31	01-07-19 13:57	01-07-19 14:23	0,5,30	PI9CAM
222	da061413-8934-472b-aeb0-a2d435d404ba.jpeg	95	Moon, sky	30-06-19 06:32	01-07-19 14:34	01-07-19 15:01	0,7,9-10,99	PI9CAM
225	60b486ba-7983-4011-8d9b-f8643d8d36e8.jpeg	104	Timelapse 4, eclipse, Moon, Earth, sky, overexposed	02-07-19 18:56	09-07-19 20:56	09-07-19 21:11	0,12-13	PI9CAM, beijing
226	6aa3fac3-8793-4f23-9893-a6a9fbbad28b.jpeg	97	Timelapse 4, eclipse, Moon, Earth, sky	02-07-19 18:57	03-07-19 14:11	03-07-19 14:30	0,3	PI9CAM, beijing
227	c134923f-6abd-47dd-9f34-5799a107f120.jpeg	99	Timelapse 4, eclipse, Moon, Earth, sky, Earthrise	02-07-19 18:58	03-07-19 15:31	03-07-19 15:59	0	PI9CAM, beijing
228	4cbc74de-8e9b-491b-880e-91878cba91ea.jpeg	101	Timelapse 4, Moon, sky	02-07-19 19:32	04-07-19 15:13	04-07-19 15:52		PI9CAM, beijing
229	094a055f-fadf-4199-a77a-c9f98dd2ed29.jpeg	98	Timelapse 4, eclipse, Moon, Earth, sky	02-07-19 19:33	03-07-19 14:57	03-07-19 15:22		PI9CAM, beijing
230	9e176a1b-fde6-46d7-b7ea-04244d3270d6.jpeg	100	Timelapse 4, eclipse, Moon, Earth, sky, overexposed	02-07-19 19:34	03-07-19 14:36	04-07-19 15:06		PI9CAM, beijing
233	a4950e10-f833-45d1-9311-4511ad207933.jpeg	102	Lens flare	04-07-19 07:57	04-07-19 16:01	04-07-19 16:16	0	PI9CAM, beijing, wakayama
234	18b6a3fb-092a-48f5-9728-a4fcc6b72a63.jpeg	105	Moon	05-07-19 08:25	05-07-19 17:08	09-07-19 21:57		4Z5CP, PI9CAM, beijing, wakayama
238	8affb913-1009-4957-98ea-fab75521de68.jpeg	109	Moon	09-07-19 14:17	10-07-19 22:46	13-07-19 01:09		PI9CAM, beijing
239	727eaf4d-6f0c-407f-97e4-e324d035c3bf.jpeg	106	Moon	09-07-19 14:18	09-07-19 22:20	09-07-19 22:30	0,21,24,27	PI9CAM, beijing
241	6243d873-ffcc-436d-86b4-6b8d65acf3fc.jpeg	108	Stars, sky, planet, underexposed	10-07-19 14:01	10-07-19 22:05	10-07-19 23:43		PI9CAM, beijing
242	88ab7c84-c1ef-4fd8-81d5-2855a00b0951.jpeg	107	Stars, sky, planet, underexposed	10-07-19 14:18	10-07-19 22:21	10-07-19 22:39		PI9CAM, beijing
244	801a2545-4813-43af-bd24-afb933f77e58.jpeg	115	Moon, panorama 5	12-07-19 02:58	19-07-19 06:39	21-07-19 14:40		PI9CAM
245	17a7618b-9aa7-423f-b977-bb6f365e9290.jpeg	118	Moon, panorama 5	12-07-19 02:59	15-07-19 04:18	22-07-19 14:47		PI9CAM, PI9CAM-WEBSDR
246	8a6f1144-7d65-4937-864b-255267838be4.jpeg	112	Moon, panorama 5	12-07-19 03:00	15-07-19 04:56	15-07-19 04:59	0,4	PI9CAM
247	7e944f8e-2f6a-4b17-89ca-e1259159e2f0.jpeg	111	Moon, panorama 5	12-07-19 03:01	13-07-19 01:46	15-07-19 04:08		PI9CAM, PI9CAM-V, PI9CAM-WEBSDR
248	f03b8e1a-b6ef-488a-a71c-72f8411c940c.jpeg	110	Stars, sky, planet, underexposed	12-07-19 16:30	13-07-19 01:18	13-07-19 01:33		PI9CAM
250	e57af514-982d-4211-8a3b-bcbfecdbfbbd.jpeg	116	Lens flare	15-07-19 12:00	21-07-19 14:49	21-07-19 14:56	0	PI9CAM
253	e27f4090-c179-4b81-a0ee-1907a4aa645a.jpeg	113	Moon	18-07-19 21:54	19-07-19 05:58	19-07-19 06:28		PI9CAM
254	e1bb0443-e685-4fdb-82f7-d3f7e894ca44.jpeg	129	Moon	20-07-19 14:20	21-07-19 15:06	28-07-19 13:40		PI9CAM, beijing, wakayama
255	063b49d5-97bf-41c5-a06d-5f1e7c8a0454.jpeg	114	Stars, sky, underexposed	21-07-19 05:30	21-07-19 13:43	21-07-19 13:53	0	PI9CAM
256			Sky, underexposed	22-07-19 06:14	22-07-19 14:21	22-07-19 14:31	0-3	PI9CAM
257	01cb3fe0-605d-4d85-933b-b487c5d23511.jpeg	120	Moon	22-07-19 07:13	22-07-19 15:14	23-07-19 08:08		PI9CAM, beijing, wakayama
258	0adc39b2-d8de-43f1-b221-16a7f685a965.jpeg	119	Lens flare	22-07-19 07:24	22-07-19 15:30	22-07-19 16:01	0	PI9CAM
260	90663e20-e46d-4195-8acb-b26aa63b7140.jpeg	121	Lens flare	23-07-19 23:20	24-07-19 07:35	24-07-19 07:42	0-27,30-31,48	beijing
261	f223d49a-2c47-442e-aaff-b4bf79ebeb0d.jpeg	123	Moon, panorama 6	23-07-19 23:45	24-07-19 08:24	24-07-19 09:01		PI9CAM, beijing
262	05a0e148-a59d-40c9-8ca4-9df331667112.jpeg	125	Moon, panorama 6	23-07-19 23:46	25-07-19 09:30	25-07-19 10:17		YL3CT, beijing, wakayama
263	96109bcc-3bf6-4b2f-b7c5-f5c84e3f7950.jpeg	124	Moon, panorama 6	23-07-19 23:47	24-07-19 09:09	25-07-19 09:23		PI9CAM, beijing, wakayama
264	c2f2a3a9-ff48-4444-9ce5-bd9b144b09ab.jpeg	122	Moon, panorama 6	23-07-19 23:48	24-07-19 07:51	24-07-19 08:12		PI9CAM, beijing, wakayama
267	36d22c81-aa10-4e8c-8893-38366948121c.jpeg	126	Moon	26-07-19 12:29	26-07-19 20:41	26-07-19 20:55		PI9CAM
269	ca28b3b8-3f9d-4757-b930-e9c823ffdce0.jpeg	128	Stars, sky, underexposed	28-07-19 03:30	28-07-19 11:34	28-07-19 13:39		PI9CAM, beijing, wakayama
270	39d94c9a-e624-4bc1-b6af-f15f45ca464b.jpeg	134	Moon, panorama 1	28-07-19 04:54	29-07-19 13:22	29-07-19 13:48		I0LYL, PI9CAM, beijing, wakayama
271	5d5c9aea-b475-4f13-8540-c06e026ed4a7.jpeg	133	Moon, panorama 1	28-07-19 04:55	29-07-19 12:52	29-07-19 13:17		PI9CAM, beijing, wakayama
272	8d40f872-fc9c-40ad-aca0-4100be2a905c.jpeg	130	Moon, panorama 1	28-07-19 04:56	28-07-19 13:16	28-07-19 13:42		PI9CAM, beijing, wakayama
273	9600901e-b12c-42f3-9a56-f71a0b929f44.jpeg	127	Moon, panorama 1	28-07-19 04:57	28-07-19 13:00	28-07-19 13:10	19	beijing, wakayama
275	89d408a3-0604-40ab-8396-dacb76b21bab.jpeg	135	Moon, panorama 2	29-07-19 01:13	29-07-19 14:04	29-07-19 14:23		beijing, wakayama
276	fb366d59-9546-450c-8cd4-6847518c1ce9.jpeg	132	Moon, panorama 2	29-07-19 01:14	29-07-19 09:48	29-07-19 09:59		beijing, wakayama
277	53929117-bb31-4b09-a536-0932dd0b2741.jpeg	138	Moon, panorama 2	29-07-19 01:15	29-07-19 10:06	30-07-19 14:39		beijing, wakayama
278	83e8a4f9-48aa-47c8-926d-65fb7c8ef233.jpeg	131	Moon, panorama 1	29-07-19 01:16	29-07-19 09:32	29-07-19 09:43	1,4,14,28-29,33,90	beijing, wakayama
281	7cd26000-5b79-4e9c-bc47-22d9af73e15b.jpeg	140	Moon, panorama 3	29-07-19 21:34	30-07-19 15:08	31-07-19 01:16		PI9CAM, beijing, wakayama
282	fa815b98-9045-450a-b4a4-f6302567eb6c.jpeg	137	Moon, panorama 3	29-07-19 21:35	30-07-19 14:14	30-07-19 14:23	62-63	beijing, wakayama
283	128a7153-7bcd-4783-bd68-be82881793d6.jpeg	136	Moon, panorama 3	29-07-19 21:36	30-07-19 13:50	30-07-19 14:05	94	beijing, wakayama
284	a5075c7b-e410-4384-87ba-eb0d85091d7b.jpeg	139	Moon, panorama 3	29-07-19 21:37	30-07-19 14:45	30-07-19 14:59	13-14	BG2KAJ, beijing, wakayama
286	5d529422-4414-4b63-86a7-5797d7481330.jpeg	145	Earth, sky, lens flare, overexposed	30-07-19 16:20	31-07-19 15:53	31-07-19 16:05	13-14	PI9CAM, beijing
287	daaaedcc-0a93-430f-a891-d83482f0eadc.jpeg	143	Moon, panorama 4	30-07-19 17:57	31-07-19 15:21	31-07-19 15:37		PI9CAM
288	18e5a452-86bb-48f3-a589-839c5eb356a1.jpeg	142	Moon, panorama 4	30-07-19 17:58	31-07-19 14:52	31-07-19 15:01		PI9CAM
289	388dce25-e759-4b5e-b8d1-5767a058fab3.jpeg	141	Moon, panorama 4	30-07-19 17:59	31-07-19 14:37	31-07-19 14:48		PI9CAM
290	b95d235a-df23-46e6-ad2d-aa30391988ac.jpeg	144	Moon, panorama 4	30-07-19 18:00	31-07-19 15:05	31-07-19 15:46		PI9CAM
292	d03a458b-2d94-4fcd-85c9-e1da0768455a.jpeg	146	Earth, sky, lens flare, overexposed	31-07-19 13:24	31-07-19 21:32	31-07-19 22:08	5	PI9CAM
